code,kline_time,open,high,low,close,volume,amount
000016.SH,2024-01-02,2316.4348,2316.735,2292.2286,2292.2286,31375477,50622406220
000016.SH,2024-01-03,2287.755,2299.6831,2283.5939,2294.8357,29314375,44217105083
000016.SH,2024-01-04,2293.4576,2296.1151,2260.3536,2279.0361,32125788,48905527790
000016.SH,2024-01-05,2272.9358,2295.6047,2256.598,2268.5377,35589372,51973252609
000016.SH,2024-01-08,2265.2418,2272.0351,2240.5554,2243.8422,31500656,47632268290
000016.SH,2024-01-09,2243.4096,2251.5411,2234.9149,2245.6219,30269328,48702067011
000016.SH,2024-01-10,2239.0296,2257.8543,2233.1811,2235.2089,25713298,41868260247
000016.SH,2024-01-11,2234.8184,2251.0754,2226.2781,2240.1061,30524425,45573502876
000016.SH,2024-01-12,2231.2855,2250.7314,2229.5887,2237.2073,25893778,39121731359
000016.SH,2024-01-15,2227.3616,2256.8001,2225.2362,2238.5029,23715095,39317045005
000016.SH,2024-01-16,2231.8236,2249.051,2223.4372,2248.975,28782237,46347948335
000016.SH,2024-01-17,2241.0157,2242.6104,2199.2587,2199.2587,30628292,51922838367
000016.SH,2024-01-18,2191.8887,2242.3256,2163.8682,2238.4588,54944741,83092561704
000016.SH,2024-01-19,2227.7329,2250.6113,2218.1739,2243.5396,35865114,59477638681
000016.SH,2024-01-22,2237.7734,2257.5892,2206.7644,2230.6094,44786209,70458296774
000016.SH,2024-01-23,2220.4989,2239.6539,2204.3685,2226.3713,34015311,54006326826
000016.SH,2024-01-24,2238.3319,2264.5205,2209.507,2260.5575,44198033,61986777930
000016.SH,2024-01-25,2264.0223,2314.4959,2261.3723,2312.8544,61945377,79432204287
000016.SH,2024-01-26,2303.3217,2323.3507,2295.9615,2314.3741,58316299,73311459367
000016.SH,2024-01-29,2312.6973,2327.3609,2304.4364,2304.4364,59549043,77810107284
000016.SH,2024-01-30,2292.2206,2303.7181,2270.9789,2270.9789,43267598,61237732360
000016.SH,2024-01-31,2261.1181,2273.0952,2243.9041,2254.2994,42928757,63009280531
000016.SH,2024-02-01,2245.4753,2270.0677,2238.7127,2248.268,39890138,59264044170
000016.SH,2024-02-02,2252.6543,2264.0558,2184.7721,2229.0142,50637119,72601307611
000016.SH,2024-02-05,2221.9449,2270.3732,2203.0744,2255.2809,59314022,87422810341
000016.SH,2024-02-06,2250.1109,2321.448,2246.8163,2318.8418,58385076,88303224387
000016.SH,2024-02-07,2323.1248,2344.7943,2305.5136,2344.1508,64784099,95430744991
000016.SH,2024-02-08,2345.0777,2355.7709,2330.8277,2352.5775,50486201,79375433558
000016.SH,2024-02-19,2368.4482,2371.5483,2348.4059,2371.5483,52160225,78856898581
000016.SH,2024-02-20,2367.9194,2372.8633,2353.9675,2369.0834,37486079,60546151372
000016.SH,2024-02-21,2359.1823,2439.2137,2355.402,2410.2278,50005382,86249269224
000016.SH,2024-02-22,2403.8752,2433.2331,2403.0032,2433.0819,37555411,60050748447
000016.SH,2024-02-23,2431.8661,2447.7986,2424.1707,2433.4073,40063072,62572523602
000016.SH,2024-02-26,2427.2297,2430.9726,2388.3927,2393.5488,41328340,63298281853
000016.SH,2024-02-27,2383.1353,2405.0609,2381.5714,2405.0609,33600960,57324528048
000016.SH,2024-02-28,2405.8777,2417.3257,2385.6099,2385.6099,44763907,76575633130
000016.SH,2024-02-29,2378.1383,2413.1361,2378.1383,2413.1361,35192528,63682017901
000016.SH,2024-03-01,2408.3023,2420.3783,2397.6398,2414.8439,34435007,60269510717
000016.SH,2024-03-04,2412.0795,2422.8165,2404.9222,2418.584,40298113,71924712167
000016.SH,2024-03-05,2410.4615,2450.0554,2407.0507,2446.4173,43956093,76817288567
000016.SH,2024-03-06,2443.8508,2450.4323,2433.0701,2434.1156,38753975,62490715898
000016.SH,2024-03-07,2430.4238,2446.2954,2418.1278,2426.9732,38335786,67072865441
000016.SH,2024-03-08,2423.135,2433.3334,2410.1477,2426.1679,34911257,57496304190
000016.SH,2024-03-11,2426.7266,2443.1064,2418.3381,2443.1064,39152145,69559846416
000016.SH,2024-03-12,2443.2323,2458.9167,2436.0776,2450.4693,50577285,93341577304
000016.SH,2024-03-13,2445.7963,2445.7963,2419.4529,2427.5969,36948673,67424743627
000016.SH,2024-03-14,2431.7713,2446.8797,2415.0617,2423.8556,36882246,69775882118
000016.SH,2024-03-15,2417.5715,2430.5932,2409.6096,2427.1969,33007509,62673015810
000016.SH,2024-03-18,2424.9223,2438.8328,2419.8757,2438.1911,37047252,70596403716
000016.SH,2024-03-19,2430.3039,2441.6045,2416.0292,2416.8349,34332515,64262404652
000016.SH,2024-03-20,2412.6074,2430.7199,2408.4843,2426.4586,30838610,51100637497
000016.SH,2024-03-21,2432.9314,2441.2744,2424.8755,2427.101,29208415,54112424029
000016.SH,2024-03-22,2417.9371,2420.7744,2386.2046,2403.2023,34073555,63189507878
000016.SH,2024-03-25,2398.3207,2418.3149,2393.0597,2401.2113,34383731,60441059299
000016.SH,2024-03-26,2404.2053,2415.7136,2398.6012,2413.7415,31362498,57780738857
000016.SH,2024-03-27,2408.9144,2421.1347,2398.9372,2398.9372,32072916,52565295667
000016.SH,2024-03-28,2395.2173,2424.7673,2387.4163,2401.9872,36870800,59543019163
000016.SH,2024-03-29,2399.4562,2418.563,2399.2786,2414.9202,34133586,51692110861
000016.SH,2024-04-01,2422.7347,2448.8766,2422.7347,2441.5668,36210013,63161798144
000016.SH,2024-04-02,2441.4887,2447.3738,2428.027,2435.7569,35726428,59917352009
000016.SH,2024-04-03,2439.432,2441.6698,2423.8756,2430.169,31959986,60097488949
000016.SH,2024-04-08,2419.0293,2431.4053,2407.359,2414.091,39873596,73403477404
000016.SH,2024-04-09,2411.7806,2418.5972,2399.2833,2404.6089,35622867,57315468944
000016.SH,2024-04-10,2403.7309,2412.5898,2388.6829,2396.7427,33612707,58702880924
000016.SH,2024-04-11,2383.7027,2402.7498,2380.5128,2394.8667,31288036,56313020544
000016.SH,2024-04-12,2397.2842,2402.6429,2370.2766,2374.0471,32363758,59600119109
000016.SH,2024-04-15,2367.8597,2424.9251,2367.763,2424.0168,50130502,75984593018
000016.SH,2024-04-16,2414.7557,2429.3859,2398.4323,2412.3219,46952482,68370136905
000016.SH,2024-04-17,2407.9642,2440.5779,2397.4385,2439.8558,45944602,69009890048
000016.SH,2024-04-18,2430.7033,2468.3568,2429.6264,2445.2049,46624462,74076788588
000016.SH,2024-04-19,2433.9779,2444.0204,2424.1718,2430.5819,38884690,63779125472
000016.SH,2024-04-22,2433.1809,2450.2556,2422.7668,2424.7473,40368061,65847983779
000016.SH,2024-04-23,2420.623,2426.8857,2409.9497,2413.7392,37932055,60577320430
000016.SH,2024-04-24,2422.6267,2426.9576,2406.8811,2424.119,29386859,50879459334
000016.SH,2024-04-25,2419.5,2437.3123,2411.5709,2431.6221,28317818,49604482982
000016.SH,2024-04-26,2432.7579,2467.2735,2432.7579,2461.8556,47838029,79728583627
000016.SH,2024-04-29,2458.1779,2492.9273,2453.4778,2474.3397,53401197,92063350218
000016.SH,2024-04-30,2473.5136,2484.1006,2464.2435,2464.2435,46814370,75190675500
000016.SH,2024-05-06,2495.4666,2505.5974,2487.3218,2495.7617,56007811,96349187569
000016.SH,2024-05-07,2496.015,2504.0342,2489.3674,2499.7709,38042631,62864447734
000016.SH,2024-05-08,2495.6236,2497.1501,2484.3833,2486.0186,32306111,51551480769
000016.SH,2024-05-09,2483.6604,2506.279,2483.6604,2501.7305,37662111,64311115706
000016.SH,2024-05-10,2508.0613,2515.0239,2492.3621,2508.5753,40528642,66949259699
000016.SH,2024-05-13,2499.6901,2512.2421,2487.6544,2506.4593,41036748,74056153882
000016.SH,2024-05-14,2507.1984,2510.4239,2491.248,2496.7361,33885687,61077635741
000016.SH,2024-05-15,2494.7637,2498.9526,2475.9594,2477.3895,29457288,50498146340
000016.SH,2024-05-16,2484.2721,2498.8895,2475.8382,2489.4139,39199339,68282396243
000016.SH,2024-05-17,2492.5712,2524.1791,2485.8186,2524.1705,44218563,76547473107
000016.SH,2024-05-20,2529.9164,2544.5248,2524.1942,2532.824,46691985,81480531233
000016.SH,2024-05-21,2526.9372,2531.6334,2518.2695,2525.2326,33118645,54644703086
000016.SH,2024-05-22,2524.6935,2535.0643,2519.0263,2529.0398,38076048,65777030875
000016.SH,2024-05-23,2518.1441,2519.0707,2495.1607,2500.821,35048003,59668907623
000016.SH,2024-05-24,2494.3678,2504.4131,2473.2311,2474.4254,31294242,53766574545
000016.SH,2024-05-27,2478.2589,2500.1145,2478.2589,2497.6006,35770897,60797174364
000016.SH,2024-05-28,2498.026,2505.7871,2486.0972,2490.1614,33003573,54184041257
000016.SH,2024-05-29,2489.5185,2510.0724,2486.5816,2493.1691,31785111,51576833820
000016.SH,2024-05-30,2488.319,2500.3112,2468.2557,2473.758,34349983,60265641217
000016.SH,2024-05-31,2480.2132,2487.1289,2462.1831,2462.1831,28593170,50383978421
000016.SH,2024-06-03,2461.3502,2476.8003,2454.9847,2469.0165,32935234,58211851910
000016.SH,2024-06-04,2465.6099,2488.7509,2462.6653,2483.3189,31903183,56622882696
000016.SH,2024-06-05,2477.3066,2483.3305,2467.4553,2468.1918,29453857,51341197989
000016.SH,2024-06-06,2474.2323,2492.0466,2462.13,2467.8865,36897263,64488233047
000016.SH,2024-06-07,2473.1743,2476.4645,2444.9299,2457.2569,36436105,58648181396
000016.SH,2024-06-11,2444.5482,2449.6467,2415.1117,2423.6184,41401549,70152687633
000016.SH,2024-06-12,2420.8987,2427.8375,2412.9896,2423.607,37949604,63274163769
000016.SH,2024-06-13,2425.9228,2426.3286,2406.9924,2412.0736,30851071,57368166221
000016.SH,2024-06-14,2405.7899,2433.0536,2399.9852,2426.509,41277966,78246583296
000016.SH,2024-06-17,2412.092,2418.9354,2408.8727,2416.3414,37495957,61841769533
000016.SH,2024-06-18,2412.5472,2424.9312,2408.2887,2415.4281,35338347,59466094876
000016.SH,2024-06-19,2410.4721,2418.7379,2402.9583,2413.9722,32775291,56240551303
000016.SH,2024-06-20,2413.3933,2422.7003,2405.3971,2408.3379,32013024,56261519622
000016.SH,2024-06-21,2406.2173,2411.5276,2386.4801,2398.9571,33202039,58864839939
000016.SH,2024-06-24,2383.8657,2418.9161,2381.2803,2404.0848,34671331,62252302887
000016.SH,2024-06-25,2403.7287,2410.1416,2384.2047,2394.2154,34919135,58739728184
000016.SH,2024-06-26,2388.4994,2404.4568,2383.1472,2398.2556,29859502,46732372066
000016.SH,2024-06-27,2391.6869,2395.8105,2376.6615,2388.5609,36990570,54577196651
000016.SH,2024-06-28,2382.1171,2406.3635,2381.3913,2394.8746,39898644,62660041747
000016.SH,2024-07-01,2395.1996,2407.0535,2387.6172,2405.4665,36281247,56357789338
000016.SH,2024-07-02,2400.1671,2421.7506,2399.5179,2416.6793,36866949,59919130804
000016.SH,2024-07-03,2417.1757,2421.0831,2405.8361,2414.8657,32991600,55118428056
000016.SH,2024-07-04,2417.2756,2428.9387,2407.1264,2407.9029,30511579,49929135278
000016.SH,2024-07-05,2405.6106,2411.9275,2367.0152,2386.004,39363439,63623260457
000016.SH,2024-07-08,2375.6838,2387.8878,2368.1664,2371.6891,35617562,58987893203
000016.SH,2024-07-09,2365.931,2396.1764,2352.7669,2389.3843,37504477,62567227694
000016.SH,2024-07-10,2378.8044,2392.8765,2378.5381,2381.831,34846258,56473784148
000016.SH,2024-07-11,2387.6651,2400.229,2378.1532,2396.407,38295592,63413455035
000016.SH,2024-07-12,2397.7292,2414.7622,2396.5289,2412.6181,38157098,59812238497
000016.SH,2024-07-15,2405.9183,2424.4116,2405.5231,2420.5214,34518607,50347384020
000016.SH,2024-07-16,2412.2553,2426.5861,2406.2455,2424.755,35688395,55901176129
000016.SH,2024-07-17,2422.8828,2439.317,2419.9803,2432.8325,37750369,64968550436
000016.SH,2024-07-18,2426.3399,2446.7682,2421.4873,2444.5086,34814046,60995584684
000016.SH,2024-07-19,2429.8049,2462.7419,2417.464,2456.79,41315480,71695222791
000016.SH,2024-07-22,2454.2441,2454.4998,2416.2001,2432.5496,41829683,69492700443
000016.SH,2024-07-23,2429.0864,2431.2677,2396.6727,2396.6727,41340681,63854263895
000016.SH,2024-07-24,2393.2316,2407.1095,2382.995,2390.954,39296668,56353465239
000016.SH,2024-07-25,2384.6349,2387.8924,2358.5434,2369.7153,40846894,60679431370
000016.SH,2024-07-26,2364.9113,2368.2708,2341.4493,2355.3163,40494016,58240320538
000016.SH,2024-07-29,2352.5061,2359.9841,2343.4017,2348.4784,33671312,50285979411
000016.SH,2024-07-30,2341.9086,2341.9086,2321.4988,2335.3123,32432891,54147205113
000016.SH,2024-07-31,2332.6518,2378.8805,2331.5647,2375.3942,50066642,77823528643
000016.SH,2024-08-01,2373.4708,2375.7914,2360.0476,2360.422,39134152,58367024186
000016.SH,2024-08-02,2344.4182,2360.4137,2337.6377,2343.7153,31827474,49775530749
000016.SH,2024-08-05,2334.5923,2362.3096,2327.7452,2328.9222,39457458,63104360795
000016.SH,2024-08-06,2342.8423,2346.2994,2296.7121,2313.3361,34873713,54899373587
000016.SH,2024-08-07,2311.9113,2330.1519,2307.0776,2314.4261,27145991,42713085463
000016.SH,2024-08-08,2310.9616,2334.4621,2305.8931,2320.4245,22528936,40041209426
000016.SH,2024-08-09,2332.6705,2338.2366,2317.9915,2317.9915,25988805,42763976869
000016.SH,2024-08-12,2314.2612,2323.4205,2312.5793,2316.9106,22194984,32347884418
000016.SH,2024-08-13,2318.9729,2321.5423,2304.5967,2317.6526,25109218,36056042124
000016.SH,2024-08-14,2317.8882,2317.8882,2305.4695,2306.1154,22049930,34691780844
000016.SH,2024-08-15,2300.4792,2343.2072,2295.7531,2335.9381,29315620,46630602823
000016.SH,2024-08-16,2335.0422,2348.1529,2331.0796,2345.0481,30481578,39617340954
000016.SH,2024-08-19,2345.6447,2367.4051,2345.1153,2357.0309,30885150,41304620244
000016.SH,2024-08-20,2361.181,2361.2992,2337.5071,2346.6379,29898108,40474326311
000016.SH,2024-08-21,2341.8119,2345.9738,2324.7075,2339.072,26550899,37036690610
000016.SH,2024-08-22,2340.1542,2344.9926,2332.3636,2341.1509,31112912,44159381961
000016.SH,2024-08-23,2338.6644,2361.0625,2338.3218,2355.3787,27900047,43651870170
000016.SH,2024-08-26,2356.7933,2361.8834,2341.2322,2352.2729,26900476,39379737067
000016.SH,2024-08-27,2348.5443,2355.5744,2345.3023,2350.4141,30952524,40323563656
000016.SH,2024-08-28,2349.5198,2352.6952,2327.9241,2336.1475,30092262,44898374774
000016.SH,2024-08-29,2329.6623,2335.6749,2315.4868,2317.6636,44246295,54544179743
000016.SH,2024-08-30,2313.6095,2354.6274,2311.228,2335.2146,63786046,87319585886
000016.SH,2024-09-02,2321.1529,2326.0803,2299.1674,2299.9325,45499287,61799689862
000016.SH,2024-09-03,2299.3396,2301.6943,2286.0214,2291.1775,44158877,50294835783
000016.SH,2024-09-04,2279.4765,2289.3898,2268.2104,2271.8069,35482469,42801802355
000016.SH,2024-09-05,2272.9816,2281.5278,2267.3312,2275.1177,30352561,39145533094
000016.SH,2024-09-06,2276.5398,2288.9266,2263.321,2263.5629,25886004,34524514997
000016.SH,2024-09-09,2252.3035,2256.0017,2226.6269,2232.9593,34250688,47798368916
000016.SH,2024-09-10,2232.8303,2240.5884,2223.9033,2235.6866,30184005,40190747619
000016.SH,2024-09-11,2228.8251,2228.8251,2213.8238,2220.798,34615529,45236993415
000016.SH,2024-09-12,2220.9007,2227.7321,2208.2481,2209.5603,28095301,42269201973
000016.SH,2024-09-13,2211.154,2222.5631,2204.8645,2205.8115,27098500,44106120319
000016.SH,2024-09-18,2206.8536,2225.9124,2203.9821,2218.6562,26054620,40650056230
000016.SH,2024-09-19,2224.2625,2239.9843,2199.4486,2229.8053,34968379,58318265337
000016.SH,2024-09-20,2227.3519,2237.9802,2212.5224,2233.2565,36902087,55566735871
000016.SH,2024-09-23,2233.8583,2254.1614,2232.2822,2243.0249,27207257,45700293896
000016.SH,2024-09-24,2270.3562,2352.3178,2257.2882,2352.1449,60159105,101050490178
000016.SH,2024-09-25,2391.2845,2426.6944,2380.589,2386.3227,68403102,112177955367
000016.SH,2024-09-26,2389.2682,2498.3234,2383.5101,2498.1797,67742963,119232016528
000016.SH,2024-09-27,2553.6017,2571.0848,2512.8179,2571.0848,64800776,114190842276
000016.SH,2024-09-30,2657.5481,2778.2881,2621.7023,2755.4044,153324458,269284712244
000016.SH,2024-10-08,3016.8743,3016.8743,2780.0303,2853.1376,165973235,332253411730
000016.SH,2024-10-09,2813.9557,2825.7394,2674.2463,2680.7145,124653375,291386974601
000016.SH,2024-10-10,2697.2924,2801.1196,2675.4415,2739.0507,115891754,219028734621
000016.SH,2024-10-11,2718.249,2737.0817,2653.6174,2680.388,75378019,137937187109
000016.SH,2024-10-14,2699.7073,2737.2733,2672.8084,2723.183,80655001,143373984403
000016.SH,2024-10-15,2711.6739,2726.9864,2655.1159,2655.1159,58314144,113706265388
000016.SH,2024-10-16,2629.2419,2677.2195,2628.9539,2650.1756,56259713,102204384793
000016.SH,2024-10-17,2666.367,2680.0601,2610.467,2610.467,49796854,94353946568
000016.SH,2024-10-18,2606.3767,2722.6463,2583.4892,2681.9116,70198207,155844588305
000016.SH,2024-10-21,2694.9659,2701.3576,2659.665,2681.0567,72042226,157954092781
000016.SH,2024-10-22,2672.8534,2704.3458,2672.4493,2692.6613,52208167,115193657020
000016.SH,2024-10-23,2691.125,2728.257,2682.942,2708.045,56076797,119949400339
000016.SH,2024-10-24,2695.379,2698.999,2669.709,2680.704,42253335,90076501000
000016.SH,2024-10-25,2679.3494,2705.3314,2671.0383,2683.3246,46861453,102640845785
000016.SH,2024-10-28,2681.5075,2686.2894,2656.3248,2686.2894,53474972,105268557743
000016.SH,2024-10-29,2689.9168,2712.2827,2665.4245,2667.9385,50084286,112173896896
000016.SH,2024-10-30,2658.2589,2674.3699,2624.0008,2634.7375,44450688,98548356583
000016.SH,2024-10-31,2637.2061,2654.6458,2613.2514,2633.117,54529623,119295772010
000016.SH,2024-11-01,2629.0433,2674.2511,2629.0433,2651.5349,60844392,112656093158
000016.SH,2024-11-04,2657.3144,2675.7707,2636.5763,2675.7707,43015671,85743264545
000016.SH,2024-11-05,2666.8611,2727.6665,2659.1659,2727.6665,55642484,129671764768
000016.SH,2024-11-06,2730.4552,2743.1266,2691.7284,2706.6145,59940818,139394922731
000016.SH,2024-11-07,2684.8126,2800.6123,2683.3174,2797.8602,67017244,154119319357
000016.SH,2024-11-08,2825.9123,2833.07,2758.2136,2765.5385,67861757,167822297611
000016.SH,2024-11-11,2736.8382,2754.9744,2711.7625,2753.7448,61338658,146466629959
000016.SH,2024-11-12,2744.946,2778.8862,2701.6102,2712.2651,60114854,143127099381
000016.SH,2024-11-13,2697.1864,2737.5042,2696.6886,2728.2286,62644077,119899020459
000016.SH,2024-11-14,2719.4553,2743.7546,2700.2037,2704.1521,60469571,109896762529
000016.SH,2024-11-15,2696.9612,2712.8776,2671.4515,2671.4515,70040262,118404551146
000016.SH,2024-11-18,2683.4931,2725.3011,2668.0586,2678.2735,91045710,127985982565
000016.SH,2024-11-19,2679.5513,2683.3683,2637.8473,2671.1887,67003018,102108364111
000016.SH,2024-11-20,2667.4488,2686.3751,2657.5836,2676.2068,45017622,81206748407
000016.SH,2024-11-21,2674.4342,2686.3147,2666.5676,2680.798,37202384,72754859824
000016.SH,2024-11-22,2679.6508,2683.7447,2601.5458,2601.5573,48551764,96852390065
000016.SH,2024-11-25,2610.9605,2620.0303,2568.9547,2582.0536,45593530,86542885244
000016.SH,2024-11-26,2576.8092,2607.1247,2573.9661,2592.7374,39931653,64830132934
000016.SH,2024-11-27,2588.8885,2626.3255,2583.4665,2625.7605,41079054,75602282983
000016.SH,2024-11-28,2625.5067,2630.8034,2598.7484,2610.1214,34308739,63685958938
000016.SH,2024-11-29,2612.2337,2660.3932,2610.7148,2624.9558,43001561,86826616313
000016.SH,2024-12-02,2621.1436,2643.8665,2613.6159,2639.0408,44608836,84570831621
000016.SH,2024-12-03,2638.8056,2658.1522,2626.208,2652.8982,47373156,82863138221
000016.SH,2024-12-04,2651.785,2660.8018,2638.113,2648.7554,48088171,84381105671
000016.SH,2024-12-05,2637.627,2647.9841,2629.6309,2635.5615,33676521,60315067352
000016.SH,2024-12-06,2636.6066,2682.6891,2636.6066,2665.4281,43894491,85427061368
000016.SH,2024-12-09,2666.2892,2686.5153,2658.4311,2667.5924,45926353,79459146106
000016.SH,2024-12-10,2741.7509,2747.0734,2684.7165,2689.3292,59443899,124161995388
000016.SH,2024-12-11,2684.5906,2696.0071,2671.5218,2676.5518,40802387,74840666598
000016.SH,2024-12-12,2673.9435,2704.0286,2667.637,2702.2681,41273831,81318183410
000016.SH,2024-12-13,2684.2932,2684.4109,2636.9729,2638.0266,61597705,120459478408
000016.SH,2024-12-16,2637.7401,2647.6977,2635.2467,2641.5604,54098120,93658808689
000016.SH,2024-12-17,2637.3498,2672.9552,2637.3498,2652.3455,44279234,83019813879
000016.SH,2024-12-18,2662.0322,2681.1212,2661.8983,2671.3461,44259056,80506001923
000016.SH,2024-12-19,2652.1949,2672.5807,2642.6831,2661.7224,40214140,76390568283
000016.SH,2024-12-20,2654.8486,2670.3177,2644.8364,2648.4609,42493510,93206952097
000016.SH,2024-12-23,2648.9188,2688.8864,2648.9188,2671.2025,56629099,106625576091
000016.SH,2024-12-24,2671.9088,2704.5775,2666.3412,2702.282,46469198,87285837704
000016.SH,2024-12-25,2706.5666,2726.1403,2700.6812,2710.1649,51010381,88415659672
000016.SH,2024-12-26,2709.5915,2709.5915,2692.8677,2702.5952,41770736,81211471711
000016.SH,2024-12-27,2701.2086,2713.8405,2686.5011,2701.7031,44894855,91610184876
000016.SH,2024-12-30,2700.2245,2724.7263,2700.2245,2718.7486,44994763,88812005642
000016.SH,2024-12-31,2715.2066,2725.7876,2684.7706,2684.7706,50745554,98345133825
000016.SH,2025-01-02,2682.4157,2684.2467,2595.3991,2610.342,61160984,113930275697
000016.SH,2025-01-03,2615.3507,2620.6463,2579.439,2587.1316,50804858,87224134020
000016.SH,2025-01-06,2589.3354,2591.8944,2555.9276,2579.9632,44486402,78511005261
000016.SH,2025-01-07,2576.6772,2595.6633,2566.6785,2593.9654,39218598,76104916408
000016.SH,2025-01-08,2587.5267,2611.1528,2565.5989,2597.4459,46257463,86623183322
000016.SH,2025-01-09,2595.6918,2597.0557,2574.603,2579.5751,34356506,66475790924
000016.SH,2025-01-10,2585.1998,2593.0872,2560.2497,2560.2497,36166878,77578645821
000016.SH,2025-01-13,2545.3785,2561.2408,2533.3131,2553.3593,39699495,74913721774
000016.SH,2025-01-14,2556.4221,2606.0889,2549.1691,2598.8068,42688184,93365866186
000016.SH,2025-01-15,2592.3164,2606.0658,2587.4642,2591.5027,41213511,82839783228
000016.SH,2025-01-16,2601.1234,2614.6006,2572.1092,2580.1177,38987110,91764851332
000016.SH,2025-01-17,2572.966,2595.1637,2561.9682,2582.4859,34250232,74422623874
000016.SH,2025-01-20,2595.3248,2609.6517,2585.1266,2589.0685,36261216,78458291843
000016.SH,2025-01-21,2598.8309,2599.8866,2579.6677,2584.8889,34366587,71219861002
000016.SH,2025-01-22,2580.1051,2580.1864,2544.2599,2551.3535,39846158,78224188306
000016.SH,2025-01-23,2571.8276,2605.8648,2564.7506,2567.4765,51323995,91020169339
000016.SH,2025-01-24,2562.8655,2594.5812,2559.4923,2579.096,37663633,74793262621
000016.SH,2025-01-27,2582.838,2597.351,2582.086,2583.651,39196764,74483969420
000016.SH,2025-02-05,2604.1391,2604.3161,2556.4832,2561.9419,43535465,95633989430
000016.SH,2025-02-06,2559.8268,2585.2885,2554.4754,2580.4257,39895336,86833175555
000016.SH,2025-02-07,2578.6829,2624.675,2570.1805,2608.0888,58337411,119024768416
000016.SH,2025-02-10,2612.0607,2628.391,2606.2946,2621.0404,56063207,100735587339
000016.SH,2025-02-11,2625.1833,2626.1749,2607.2438,2614.3218,51712769,91936660828
000016.SH,2025-02-12,2611.962,2641.7287,2607.2684,2640.0458,44301409,92263448948
000016.SH,2025-02-13,2638.9805,2663.7852,2635.449,2641.1305,46344081,100429616232
000016.SH,2025-02-14,2638.2075,2662.2921,2633.707,2660.8549,56371426,100982418177
000016.SH,2025-02-17,2665.545,2672.0299,2647.4516,2664.475,69410594,118021637918
000016.SH,2025-02-18,2659.0877,2679.8226,2644.2945,2651.1117,65094963,110620418390
000016.SH,2025-02-19,2648.3564,2673.5192,2643.9559,2663.6032,56214330,102699793604
000016.SH,2025-02-20,2659.1258,2659.6002,2641.9103,2648.1665,48099429,94873658941
000016.SH,2025-02-21,2657.8014,2686.3343,2649.2005,2682.2385,68488623,145869436409
000016.SH,2025-02-24,2674.6908,2692.8077,2661.3214,2674.1169,68521481,130633372682
000016.SH,2025-02-25,2654.1336,2664.1569,2636.903,2643.2325,53327168,109588142135
000016.SH,2025-02-26,2649.9011,2667.0244,2645.9912,2666.6563,51923039,106325770282
000016.SH,2025-02-27,2664.319,2681.5068,2655.0014,2679.0768,53673004,113226675238
000016.SH,2025-02-28,2670.4263,2691.2942,2638.9574,2638.9574,56335229,119368499697
000016.SH,2025-03-03,2645.0108,2655.3109,2619.1936,2628.5236,49692811,95762973450
000016.SH,2025-03-04,2617.9203,2629.6666,2609.3373,2621.2168,41851280,76609271882
000016.SH,2025-03-05,2623.7171,2644.7537,2619.7901,2641.4462,48397500,83287497036
000016.SH,2025-03-06,2655.5378,2689.454,2655.5378,2683.9491,57714226,118191920836
000016.SH,2025-03-07,2677.5744,2695.3774,2675.418,2682.0161,44317393,89653597495
000016.SH,2025-03-10,2682.8829,2683.6054,2653.0271,2668.8062,50838623,92839536793
000016.SH,2025-03-11,2644.8189,2682.223,2644.0821,2682.223,42194461,82380121530
000016.SH,2025-03-12,2684.7199,2686.7821,2666.4884,2669.0146,43449533,83095551076
000016.SH,2025-03-13,2670.9931,2684.1246,2655.3327,2664.6173,42495068,82261523047
000016.SH,2025-03-14,2674.4949,2748.1031,2674.0264,2740.5066,65485152,138676918070
000016.SH,2025-03-17,2755.4898,2755.9438,2734.5049,2737.9227,44380739,90137904312
000016.SH,2025-03-18,2749.3221,2751.7256,2737.0077,2739.7453,38611198,79263946674
000016.SH,2025-03-19,2737.3127,2757.6177,2733.5664,2746.9627,46328423,80168850179
000016.SH,2025-03-20,2748.2942,2749.2214,2713.4671,2718.1862,39710765,79752316531
000016.SH,2025-03-21,2712.7384,2722.4899,2669.7898,2675.3578,46810782,95379103759
000016.SH,2025-03-24,2675.4609,2696.344,2675.4609,2693.3313,44923932,78582064201
000016.SH,2025-03-25,2695.2974,2698.5469,2685.2874,2691.8976,37096214,67191749413
000016.SH,2025-03-26,2692.4167,2696.5357,2675.7033,2677.3121,37833189,68101913148
000016.SH,2025-03-27,2673.9347,2704.7428,2673.7738,2690.8428,36473723,72464460695
000016.SH,2025-03-28,2691.666,2692.7029,2673.2376,2679.7399,35920053,61503758550
000016.SH,2025-03-31,2676.0507,2692.4443,2657.3015,2665.6339,49951364,77661233821
000016.SH,2025-04-01,2669.0047,2674.113,2659.0215,2662.7113,40847477,70662404864
000016.SH,2025-04-02,2659.1031,2669.3567,2653.4516,2658.6209,32168634,54121061011
000016.SH,2025-04-03,2631.4749,2671.7119,2631.4749,2662.2522,42173571,75585801657
000016.SH,2025-04-07,2555.7101,2579.597,2457.0802,2516.9653,102701231,177150238582
000016.SH,2025-04-08,2526.508,2574.3529,2510.6364,2574.3529,90153523,153822744042
000016.SH,2025-04-09,2548.4871,2597.1016,2541.5521,2597.1016,77718696,143706408579
000016.SH,2025-04-10,2628.5216,2628.5216,2590.7633,2612.619,61119831,114806163558
000016.SH,2025-04-11,2620.7735,2621.1634,2595.4989,2619.5762,44939276,91197020081
000016.SH,2025-04-14,2623.5677,2636.7898,2615.3932,2628.206,45123283,85930881736
000016.SH,2025-04-15,2624.2008,2637.7501,2615.3674,2634.5926,42005386,72435255514
000016.SH,2025-04-16,2639.2018,2661.7812,2616.8698,2658.4955,51224732,89314649756
000016.SH,2025-04-17,2648.0456,2661.8036,2639.9717,2659.8958,37879985,71370542638
000016.SH,2025-04-18,2648.6596,2666.2714,2645.8694,2657.6367,30353172,52214827163
000016.SH,2025-04-21,2655.5448,2671.3441,2652.6543,2652.8103,34411982,61440920944
000016.SH,2025-04-22,2651.4909,2667.8383,2650.3306,2656.5387,37220822,63033510402
000016.SH,2025-04-23,2662.9263,2664.4666,2646.3609,2648.8297,33046358,62628844144
000016.SH,2025-04-24,2648.7676,2665.7286,2648.7568,2655.3644,31252679,54273603618
000016.SH,2025-04-25,2660.1592,2663.3454,2643.3976,2648.8101,32380960,57165147061
000016.SH,2025-04-28,2643.1361,2658.4621,2636.4085,2651.2252,32909451,57671224641
000016.SH,2025-04-29,2650.4321,2655.3406,2639.7997,2645.5122,28042631,53894218051
000016.SH,2025-04-30,2646.0637,2651.2985,2631.8404,2633.1603,43217657,72498161017
000016.SH,2025-05-06,2650.4635,2650.4635,2633.4092,2647.7166,40705260,69691273413
000016.SH,2025-05-07,2685.5582,2685.5582,2656.1999,2670.7023,47055825,80654623020
000016.SH,2025-05-08,2661.2658,2695.7768,2658.6733,2679.509,33449077,63409173355
000016.SH,2025-05-09,2676.1238,2689.5999,2676.1238,2684.0056,32778706,60326302134
000016.SH,2025-05-12,2688.7482,2710.6107,2681.9561,2702.6172,39123990,78880161766
000016.SH,2025-05-13,2713.1095,2713.1095,2702.0573,2708.0588,39965507,69358082049
000016.SH,2025-05-14,2708.558,2766.2533,2708.4178,2753.785,46485155,94724047792
000016.SH,2025-05-15,2748.535,2758.0842,2735.9038,2740.2976,37878448,69236007246
000016.SH,2025-05-16,2734.7448,2739.0569,2706.4662,2716.6618,37006336,61093286552
000016.SH,2025-05-19,2710.3218,2716.8646,2701.2521,2705.0884,26951611,51689571429
000016.SH,2025-05-20,2710.3934,2729.7611,2710.3934,2716.6294,29309796,56673728977
000016.SH,2025-05-21,2716.8379,2740.7712,2716.8379,2728.4262,31426341,59788131489
000016.SH,2025-05-22,2725.4484,2738.238,2718.7863,2733.6323,27835070,51703120339
000016.SH,2025-05-23,2731.1827,2742.118,2711.8524,2711.8524,33668536,69083844571
000016.SH,2025-05-26,2708.2166,2719.7011,2692.6792,2699.4225,30713381,59924577686
000016.SH,2025-05-27,2699.6918,2709.288,2684.709,2685.2812,27096687,49855563746
000016.SH,2025-05-28,2686.7272,2691.4832,2681.8552,2683.0628,25171734,44829817445
000016.SH,2025-05-29,2684.4865,2703.9931,2677.8074,2690.8926,27471836,53279941309
000016.SH,2025-05-30,2688.9568,2696.1446,2669.1664,2678.6955,32151692,57643114126
000016.SH,2025-06-03,2674.7677,2697.3942,2671.3359,2687.296,33608484,59077338748
000016.SH,2025-06-04,2688.735,2699.6697,2687.3046,2690.8243,27603830,51109215290
000016.SH,2025-06-05,2692.54,2695.8752,2682.5371,2692.1287,30779056,55961666813
000016.SH,2025-06-06,2691.629,2700.8126,2685.245,2688.8504,29849881,52003233516
000016.SH,2025-06-09,2689.7302,2698.3625,2681.6935,2686.8276,35686891,65215798906
000016.SH,2025-06-10,2690.8689,2700.1772,2670.1483,2676.4013,41460515,76948919281
000016.SH,2025-06-11,2676.6721,2704.4466,2676.6721,2692.1365,35573426,66527788512
000016.SH,2025-06-12,2689.6784,2696.782,2674.312,2691.2752,34480625,70097289973
000016.SH,2025-06-13,2684.8823,2690.3507,2669.1134,2676.4328,47991048,86476407424
000016.SH,2025-06-16,2666.8221,2687.1111,2664.4288,2685.0092,39935905,68810917662
000016.SH,2025-06-17,2685.3855,2688.6141,2672.683,2683.9528,33121607,63516823529
000016.SH,2025-06-18,2685.4658,2690.9029,2668.8654,2679.9218,36667203,62133964426
000016.SH,2025-06-19,2678.3561,2680.867,2658.4927,2665.5197,37645030,64020626580
000016.SH,2025-06-20,2661.2098,2681.5256,2661.2098,2673.7191,36316506,63162236214
000016.SH,2025-06-23,2664.6357,2692.9099,2656.6776,2684.7761,42959546,72036348371
000016.SH,2025-06-24,2685.8526,2731.1765,2685.8526,2715.9216,49028263,89075122241
000016.SH,2025-06-25,2714.6256,2750.3893,2707.4028,2747.7278,50864894,102326319601
000016.SH,2025-06-26,2740.2326,2747.6058,2734.9451,2738.4657,42840625,87100921358
000016.SH,2025-06-27,2738.9299,2749.5474,2705.7782,2707.5688,57081832,95714293096
000016.SH,2025-06-30,2702.1154,2716.2975,2695.4196,2711.9853,38305020,76464392236
000016.SH,2025-07-01,2714.9673,2721.4042,2708.1857,2717.7128,33030057,66143682601
000016.SH,2025-07-02,2720.847,2729.71,2711.5973,2722.5522,35177495,68066186819
000016.SH,2025-07-03,2726.1122,2728.1681,2713.966,2724.5488,32268510,59917411988
000016.SH,2025-07-04,2722.1782,2761.9215,2715.5525,2740.444,39311129,75071466531
000016.SH,2025-07-07,2736.0124,2736.2593,2723.9592,2731.5324,29319003,56659534859
000016.SH,2025-07-08,2732.0536,2750.4648,2730.1899,2747.1875,34080449,67878985189
000016.SH,2025-07-09,2746.1402,2759.0589,2739.2082,2739.9202,47838115,83536053249
000016.SH,2025-07-10,2739.2305,2777.4151,2739.2305,2756.9349,54142012,98728915526
000016.SH,2025-07-11,2754.6631,2805.5571,2754.6631,2756.7725,76454518,144602038162
000016.SH,2025-07-14,2761.4793,2774.2273,2757.808,2757.808,51490402,90038726007
000016.SH,2025-07-15,2758.718,2765.4962,2731.319,2747.2269,41172447,79806099954
000016.SH,2025-07-16,2748.1658,2754.0575,2729.9126,2740.9006,34245931,68141679569
000016.SH,2025-07-17,2737.3511,2744.7439,2732.3493,2744.2604,36151094,74646333613
000016.SH,2025-07-18,2746.3281,2768.8977,2746.3281,2764.516,42130803,92467983909
000016.SH,2025-07-21,2770.3625,2777.0479,2763.3508,2772.2385,49954337,96839356593
000016.SH,2025-07-22,2773.4045,2795.4904,2760.3092,2792.1823,68310030,129395395396
000016.SH,2025-07-23,2798.9635,2824.8584,2794.8116,2801.2002,67929831,130890238346
000016.SH,2025-07-24,2797.2625,2819.1297,2791.7835,2812.4428,60282800,118138429899
000016.SH,2025-07-25,2807.6305,2810.1084,2788.1851,2795.5127,51692557,114043143932
000016.SH,2025-07-28,2799.2638,2811.2446,2788.0197,2802.7674,49737265,114570541888
000016.SH,2025-07-29,2802.7753,2813.7412,2795.5995,2808.5917,47051664,111954405495
000016.SH,2025-07-30,2809.4365,2842.474,2802.7397,2819.3508,52185198,112596979711
000016.SH,2025-07-31,2807.3049,2807.9397,2766.929,2775.9935,61515847,131852396938
000016.SH,2025-08-01,2771.7616,2780.1556,2749.4583,2754.1302,48962531,94074420474
000016.SH,2025-08-04,2748.6175,2769.3934,2748.6175,2769.3934,41967961,80252037766
000016.SH,2025-08-05,2773.3799,2794.6033,2768.022,2790.7287,41264765,77882631514
000016.SH,2025-08-06,2789.2679,2800.761,2787.5407,2797.4234,41182917,88443253333
000016.SH,2025-08-07,2797.7108,2808.9181,2787.8322,2798.3111,42338294,94221584634
000016.SH,2025-08-08,2795.782,2801.0785,2784.3783,2789.1744,38923878,82804572799
000016.SH,2025-08-11,2791.3523,2800.8905,2783.6454,2789.8959,43484703,90333988698
000016.SH,2025-08-12,2791.204,2816.5938,2791.204,2807.0124,42603267,109687752933
000016.SH,2025-08-13,2809.0464,2828.8599,2806.6607,2812.9804,54720114,125505582143
000016.SH,2025-08-14,2815.4926,2858.009,2815.4926,2829.4703,50008770,131056130906
000016.SH,2025-08-15,2821.9746,2847.6119,2813.0912,2832.8759,71117777,142205455366
000016.SH,2025-08-18,2843.0864,2861.9842,2832.4643,2838.8726,73385466,162158390204
000016.SH,2025-08-19,2843.2849,2858.4124,2812.3039,2812.4225,62843222,153139710506
000016.SH,2025-08-20,2808.4369,2848.0328,2799.4026,2846.9907,58597343,139705685755
000016.SH,2025-08-21,2853.7873,2872.9578,2850.6301,2862.1764,65309499,136486097042
000016.SH,2025-08-22,2868.5907,2928.8813,2868.5907,2928.6135,67741563,180644676367
000016.SH,2025-08-25,2950.6533,2989.8549,2943.9761,2989.8549,86358967,231306794062
000016.SH,2025-08-26,2975.6968,2985.5398,2964.2086,2969.7762,54565823,149729861131
000016.SH,2025-08-27,2974.4076,2983.0226,2918.3789,2918.3789,71005356,197654248637
000016.SH,2025-08-28,2918.5275,2963.0741,2906.65,2960.7266,65993248,195214796367
000016.SH,2025-08-29,2954.931,2988.997,2954.931,2976.4732,84761466,226530507719
000016.SH,2025-09-01,2986.6511,2988.5465,2965.4498,2981.2024,72800163,195262209501
000016.SH,2025-09-02,2983.7201,3006.4568,2967.5186,2992.881,77445856,196061437507
000016.SH,2025-09-03,2995.463,3002.1798,2939.8123,2960.9933,63723571,161064553193
000016.SH,2025-09-04,2949.9718,2949.9718,2879.4131,2910.47,91920544,208034956310
000016.SH,2025-09-05,2908.5118,2949.8243,2899.6892,2942.2162,62380387,160854405967
000016.SH,2025-09-08,2940.9806,2953.9061,2926.3855,2939.8823,67340772,153725794417
000016.SH,2025-09-09,2928.5317,2949.5373,2915.0433,2928.6323,55723378,139241444851
000016.SH,2025-09-10,2928.1117,2954.4384,2923.5643,2939.5911,56404895,133801735189
000016.SH,2025-09-11,2925.6584,2983.1968,2917.8084,2983.0829,68326502,188495491825
000016.SH,2025-09-12,2986.0229,2998.9807,2964.5848,2968.5397,61709804,177453288323
000016.SH,2025-09-15,2976.3452,2984.8555,2957.7164,2962.6154,52551778,145698287418
000016.SH,2025-09-16,2969.2337,2974.9485,2942.2965,2947.8222,57639416,155429554330
000016.SH,2025-09-17,2942.8802,2960.3107,2935.7836,2952.7778,56668537,155034251533
000016.SH,2025-09-18,2959.389,2971.5578,2890.5995,2912.8256,74860029,225774171124
000016.SH,2025-09-19,2914.3621,2930.4733,2906.1651,2909.7442,57236551,163260755856
000016.SH,2025-09-22,2911.0242,2929.5159,2901.1189,2922.1795,46979876,156401493015
000016.SH,2025-09-23,2917.9905,2938.1186,2891.7826,2919.5148,62896875,168986561106
000016.SH,2025-09-24,2908.0722,2942.5917,2908.0722,2939.5078,51462065,157195056025
000016.SH,2025-09-25,2944.7279,2962.1806,2941.8705,2952.7352,54322268,158667243934
000016.SH,2025-09-26,2941.1692,2962.7545,2938.3153,2941.0184,48141612,150187540181
000016.SH,2025-09-29,2940.0366,3000.4819,2922.0087,2973.0417,70632299,189968688346
000016.SH,2025-09-30,2985.0966,2992.5391,2976.5892,2988.9386,59065266,175001145599
000016.SH,2025-10-09,3004.4532,3030.7168,2984.8349,3020.5964,76369809,231922670334
000016.SH,2025-10-10,3000.5571,3012.5891,2966.5775,2974.8535,67283722,200180939045
000016.SH,2025-10-13,2917.8767,2972.194,2917.8767,2967.206,70163467,185782713474
000016.SH,2025-10-14,2986.5814,2996.6825,2949.9101,2961.101,86183399,219194297062
000016.SH,2025-10-15,2962.7532,3003.0036,2958.446,3001.3489,63376996,157106107967
000016.SH,2025-10-16,2994.2213,3028.5693,2992.5494,3019.1966,63410921,152079953404
000016.SH,2025-10-17,3017.427,3022.813,2963.9354,2967.7748,62678056,148748973205
000016.SH,2025-10-20,2984.3122,2995.0219,2967.6882,2974.8648,53180976,128361668891
000016.SH,2025-10-21,2983.2774,3014.101,2979.1177,3007.2634,55301752,147269705357
000016.SH,2025-10-22,2987.3457,3015.1736,2987.3457,3010.0951,51417563,123840808472
000016.SH,2025-10-23,3001.9951,3030.7955,2985.4345,3026.9044,60206654,121208154162
000016.SH,2025-10-24,3031.9158,3052.8185,3028.3795,3045.8161,55120382,155440252644
000016.SH,2025-10-27,3064.3831,3078.7842,3052.3982,3069.5293,70405039,185294640292
000016.SH,2025-10-28,3059.8757,3075.249,3044.5627,3050.4162,54626241,148719926467
000016.SH,2025-10-29,3049.446,3064.5563,3048.5897,3063.021,60144586,156303440848
000016.SH,2025-10-30,3053.793,3076.8717,3043.571,3046.6108,65736103,184730170077
000016.SH,2025-10-31,3046.1815,3046.2357,3011.5547,3011.5547,69318922,169286263811
000016.SH,2025-11-03,3009.1626,3017.4522,2990.2754,3016.3507,54900375,134637115733
000016.SH,2025-11-04,3014.8315,3029.9229,2999.2496,3012.9691,55980900,131057968103
000016.SH,2025-11-05,2985.7604,3018.3492,2981.8185,3007.97,46871754,117448115257
000016.SH,2025-11-06,3015.3494,3049.4861,3012.4374,3044.7416,50629447,143933861922
000016.SH,2025-11-07,3036.0097,3050.0116,3034.7232,3038.3455,47669347,119848197717
000016.SH,2025-11-10,3043.5061,3045.129,3030.2344,3038.3514,30014966,90960467505
